{"info": {"description": "","title": "","version": ""},"paths": {"/": {"get": {"consumes": ["application/json"],"description": "Swagger auto-generated from learnt schema","parameters": [],"responses": {"200": {"description": ""}}}},"/cart": {"get": {"consumes": ["application/json"],"description": "Swagger auto-generated from learnt schema","parameters": [],"responses": {"200": {"description": ""}}}},"/img": {"get": {"consumes": ["application/json"],"description": "Swagger auto-generated from learnt schema","parameters": [],"responses": {"200": {"description": ""}}}},"/product": {"get": {"consumes": ["application/json"],"description": "Swagger auto-generated from learnt schema","parameters": [],"responses": {"200": {"description": ""}}}},"/product/book": {"get": {"consumes": ["application/json"],"description": "Swagger auto-generated from learnt schema","parameters": [],"responses": {"200": {"description": ""}}},"post": {"consumes": ["application/json"],"description": "Swagger auto-generated from learnt schema","parameters": [{"description": "","in": "body","name": "body","schema": {"example": ["{ \"id\" : 1 , \"title\" : \"dummy-book\" }"],"properties": {"id": {"type": "integer"},"title": {"description": "Word","pattern": "[a-z0-9-]+","type": "string"}},"required": ["id","title"],"type": "object"}}],"responses": {"200": {"description": ""}}}},"/product/cd": {"get": {"consumes": ["application/json"],"description": "Swagger auto-generated from learnt schema","parameters": [],"responses": {"200": {"description": ""}}},"post": {"consumes": ["application/json"],"description": "Swagger auto-generated from learnt schema","parameters": [{"description": "","in": "body","name": "body","schema": {"example": ["{ \"id\" : 1 , \"title\" : \"dummy-cd\" }"],"properties": {"id": {"type": "integer"},"title": {"description": "Word","pattern": "[a-z0-9-]+","type": "string"}},"required": ["id","title"],"type": "object"}}],"responses": {"200": {"description": ""}}}},"/product/dvd": {"get": {"consumes": ["application/json"],"description": "Swagger auto-generated from learnt schema","parameters": [],"responses": {"200": {"description": ""}}},"post": {"consumes": ["application/json"],"description": "Swagger auto-generated from learnt schema","parameters": [{"description": "","in": "body","name": "body","schema": {"example": ["{ \"id\" : 1 , \"title\" : \"dummy-dvd\" }"],"properties": {"id": {"type": "integer"},"title": {"description": "Word","pattern": "[a-z0-9-]+","type": "string"}},"required": ["id","title"],"type": "object"}}],"responses": {"200": {"description": ""}}}},"/product/game": {"get": {"consumes": ["application/json"],"description": "Swagger auto-generated from learnt schema","parameters": [],"responses": {"200": {"description": ""}}},"post": {"consumes": ["application/json"],"description": "Swagger auto-generated from learnt schema","parameters": [{"description": "","in": "body","name": "body","schema": {"example": ["{ \"id\" : 1 , \"title\" : \"dummy-game\" }"],"properties": {"id": {"type": "integer"},"title": {"description": "Word","pattern": "[a-z0-9-]+","type": "string"}},"required": ["id","title"],"type": "object"}}],"responses": {"200": {"description": ""}}}},"/product/stationery": {"get": {"consumes": ["application/json"],"description": "Swagger auto-generated from learnt schema","parameters": [],"responses": {"200": {"description": ""}}},"post": {"consumes": ["application/json"],"description": "Swagger auto-generated from learnt schema","parameters": [],"responses": {"200": {"description": ""}}}},"/rental": {"get": {"consumes": ["application/json"],"description": "Swagger auto-generated from learnt schema","parameters": [],"responses": {"200": {"description": ""}}}},"/rental/book": {"get": {"consumes": ["application/json"],"description": "Swagger auto-generated from learnt schema","parameters": [],"responses": {"200": {"description": ""}}},"post": {"consumes": ["application/json"],"description": "Swagger auto-generated from learnt schema","parameters": [{"description": "","in": "body","name": "body","schema": {"example": ["{ \"id\" : 1 , \"title\" : \"dummy-book\" }"],"properties": {"id": {"type": "integer"},"title": {"description": "Word","pattern": "[a-z0-9-]+","type": "string"}},"required": ["id","title"],"type": "object"}}],"responses": {"200": {"description": ""}}}},"/rental/cd": {"get": {"consumes": ["application/json"],"description": "Swagger auto-generated from learnt schema","parameters": [],"responses": {"200": {"description": ""}}},"post": {"consumes": ["application/json"],"description": "Swagger auto-generated from learnt schema","parameters": [{"description": "","in": "body","name": "body","schema": {"example": ["{ \"id\" : 1 , \"title\" : \"dummy-cd\" }"],"properties": {"id": {"type": "integer"},"title": {"description": "Word","pattern": "[a-z0-9-]+","type": "string"}},"required": ["id","title"],"type": "object"}}],"responses": {"200": {"description": ""}}}},"/rental/dvd": {"get": {"consumes": ["application/json"],"description": "Swagger auto-generated from learnt schema","parameters": [],"responses": {"200": {"description": ""}}},"post": {"consumes": ["application/json"],"description": "Swagger auto-generated from learnt schema","parameters": [{"description": "","in": "body","name": "body","schema": {"example": ["{ \"id\" : 1 , \"title\" : \"dummy-dvd\" }"],"properties": {"id": {"type": "integer"},"title": {"description": "Word","pattern": "[a-z0-9-]+","type": "string"}},"required": ["id","title"],"type": "object"}}],"responses": {"200": {"description": ""}}}},"/rental/game": {"get": {"consumes": ["application/json"],"description": "Swagger auto-generated from learnt schema","parameters": [],"responses": {"200": {"description": ""}}},"post": {"consumes": ["application/json"],"description": "Swagger auto-generated from learnt schema","parameters": [{"description": "","in": "body","name": "body","schema": {"example": ["{ \"id\" : 1 , \"title\" : \"dummy-game\" }"],"properties": {"id": {"type": "integer"},"title": {"description": "Word","pattern": "[a-z0-9-]+","type": "string"}},"required": ["id","title"],"type": "object"}}],"responses": {"200": {"description": ""}}}},"/rental/stationery": {"get": {"consumes": ["application/json"],"description": "Swagger auto-generated from learnt schema","parameters": [],"responses": {"200": {"description": ""}}},"post": {"consumes": ["application/json"],"description": "Swagger auto-generated from learnt schema","parameters": [],"responses": {"200": {"description": ""}}}},"/top": {"get": {"consumes": ["application/json"],"description": "Swagger auto-generated from learnt schema","parameters": [],"responses": {"200": {"description": ""}}}}},"schemes": ["https","http"],"swagger": "2.0"}